,initial_value,final_value,annual_return,sharpe_ratio,sortino_ratio,max_drawdown
a2c,2000000.0,2264507.1992,4.22723979393298,2.572045135825363e-05,543.7830008942968,-480260.34709999943
ddpg,2000000.0,2293251.2031,4.666381824327037,2.9240912938260787e-05,605.5018784024744,-486833.2000000002
td3,2000000.0,2054627.8020499998,0.9022974736201617,8.5275100727345e-06,62.00625951681936,-453062.5999999996
ppo,2000000.0,2278499.7741999933,4.441475348417789,2.5253556024433138e-05,685.219434625537,-375739.5129999989
sac,2000000.0,1987352.6593499994,-0.21123489847870713,-1.3769939941560583e-06,-15.441099320566666,-530094.7736999998
mvo,2053987.9158004432,2077495.588076144,0.38005022756510964,3.2266803786724494e-06,31.166531027986093,-402250.40411073295
