,initial_value,final_value,annual_return,sharpe_ratio,sortino_ratio,max_drawdown
a2c,2000000.0,2852469.756050001,12.563352051895338,3.4854667143502546e-05,861.9374565861855,-1018007.5229450003
ddpg,2000000.0,2541216.2207800006,8.310495099480764,2.577784835484865e-05,550.8952346959023,-1065184.1599999997
td3,2000000.0,2662036.1510500005,10.000497946093013,3.647929501736046e-05,554.6232311887734,-1117846.9100000001
ppo,2000000.0,2067109.3162650056,1.1062065531299847,5.995024782347652e-06,99.95283638651138,-863011.86259
sac,2000000.0,2911689.217695,13.336989923239727,3.414364081798684e-05,717.0200998063563,-1150278.44
mvo,2012918.8668272812,4106477.918975474,26.827784831078926,4.611925364775381e-05,1538.4076380142772,-1581064.8603773788
