,initial_value,final_value,annual_return,sharpe_ratio,sortino_ratio,max_drawdown
a2c,2000000.0,3090198.800975,15.607357573581027,8.736373524556349e-05,1014.6616817892389,-857903.2499999998
ddpg,2000000.0,2450340.951525,7.003711280202718,2.890157138466356e-05,557.8846846786489,-783980.2802249999
td3,2000000.0,2937385.7052000007,13.669424306621302,5.601053774083767e-05,1050.4097756982821,-669419.6000000001
ppo,2000000.0,2422904.902875,6.602843969404026,2.6369199302846387e-05,356.54241473184715,-1430528.2749999997
sac,2000000.0,1842103.4412500008,-2.7040701971629,-1.6601504210202198e-05,-185.4049648067266,-1044858.9325
mvo,2003917.6920480737,4544976.374959797,31.386451556296446,7.028180725793187e-05,2167.596721058069,-1318667.9812685498
