,initial_value,final_value,annual_return,sharpe_ratio,sortino_ratio,max_drawdown,volatility,profitability,aggressiveness,recovery_time
a2c,2000000.0,3090198.800975,15.607357573581027,8.736373524556349e-05,1014.6616817892389,-857903.2499999998,0.22444566932973442,1090198.800975,-1.2707712681762195,282
ddpg,2000000.0,2450340.951525,7.003711280202718,2.890157138466356e-05,557.8846846786489,-783980.2802249999,0.21346863417107265,450340.9515249999,-0.5744289274670958,287
td3,2000000.0,2937385.7052000007,13.669424306621302,5.601053774083767e-05,1050.4097756982821,-669419.6000000001,0.21216743591083803,937385.7052000007,-1.4002961747758813,283
ppo,2000000.0,2422904.902875,6.602843969404026,2.6369199302846387e-05,356.54241473184715,-1430528.2749999997,0.25172647876540594,422904.90287500015,-0.2956284823346118,-825
sac,2000000.0,1842103.4412500008,-2.7040701971629,-1.6601504210202198e-05,-185.4049648067266,-1044858.9325,0.23016098260055043,-157896.55874999915,0.15111758519612326,-1144
mvo,2003917.6920480737,4544976.374959797,31.386451556296446,7.028180725793187e-05,2167.596721058069,-1318667.9812685498,0.2115408578047447,2541058.682911723,-1.9269889911691354,1459
