,initial_value,final_value,annual_return,sharpe_ratio,max_drawdown
a2c,2000000.0,1603106.141600001,-7.108189525619057,-2.1358459953342887e-05,-1563997.9938299996
ddpg,2000000.0,2362726.2217300003,5.712854951825674,2.50779516465809e-05,-1021089.1599999997
td3,2000000.0,3153070.32043,16.386128062495487,3.464962442085568e-05,-1629188.3899999997
ppo,2000000.0,2372340.5772149973,5.856049069527991,3.0219018056573445e-05,-753868.5899799997
sac,2000000.0,5421414.061095001,39.4314875442378,4.200816398561276e-05,-2148311.8499450004
mvo,3388480.569965821,7482148.855607175,30.218827763186162,2.7568612257607543e-05,-5853873.600303159
