,initial_value,final_value,annual_return,sharpe_ratio,sortino_ratio,max_drawdown
a2c,2000000.0,1706506.3673500004,-5.152481595984593,-3.464687539546306e-05,-286.4326969230919,-673543.9763499997
ddpg,2000000.0,2178518.80005,2.890933031101661,3.4237090613394735e-05,463.0612994408137,-262558.4000000004
td3,2000000.0,2250937.7746000006,4.018638403224295,2.63869438191942e-05,606.8171717399339,-335176.7000000002
ppo,2000000.0,1930797.9241500008,-1.1669322718452446,-7.434223191924639e-06,-109.13632523054025,-495531.0123500002
sac,2000000.0,1756210.4365000008,-4.240430272922547,-2.8161111039471905e-05,-222.13988604216752,-707296.2000000007
mvo,2053141.1006677449,1949725.96077617,-1.707980273628562,-1.490923757717455e-05,-147.49418624924076,-429814.8468405402
