,initial_value,final_value,annual_return,sharpe_ratio,max_drawdown
a2c,2000000.0,2368470.2565,5.798451962881912,3.233657946167746e-05,-485061.36614999967
ddpg,2000000.0,1952506.10005,-0.7979147450118296,-7.546210463873467e-06,-377105.2000000002
td3,2000000.0,2257327.5081499997,4.11697126492232,2.3583540819242936e-05,-647934.8999999999
ppo,2000000.0,2307923.7112499997,4.889130309297052,3.636981239048306e-05,-368627.3443
sac,2000000.0,2207809.41845,3.3500113548163624,2.8207367549841626e-05,-337740.1617000005
mvo,2053141.1006677449,1949725.96077617,-1.707980273628562,-1.490923757717455e-05,-429814.8468405402
