,initial_value,final_value,annual_return,sharpe_ratio,sortino_ratio,max_drawdown,volatility
a2c,2000000.0,3915480.4737350005,25.09838093572474,4.526615595692021e-05,1142.1681689768513,-2041124.1679450013,0.33364050493655395
ddpg,2000000.0,3202607.1474800007,16.992464845524523,3.8549553829085565e-05,1039.4158539873195,-1314262.81,0.24374137346344246
td3,2000000.0,3487974.32068,20.36893770166801,3.898109335155787e-05,1117.5443003888133,-1493927.9,0.28570473037876876
ppo,2000000.0,2097973.1416900037,1.6069252919999943,3.160642564056327e-05,457.70924274076634,-234661.4237499975,0.05394902164676161
sac,2000000.0,2419700.217270001,6.555823368956437,2.1484140031967548e-05,405.1418163021056,-1081469.4437699998,0.25083470798572427
mvo,2012918.866827281,4106477.9189754743,26.827784831078926,4.611925364775381e-05,1538.4076380142774,-1581064.8603773788,0.25861901206163873
