,initial_value,final_value,annual_return,sharpe_ratio,sortino_ratio,max_drawdown
a2c,2000000.0,3667644.783225002,22.401222977435854,8.126249081264263e-05,1510.5121238357044,-1065322.6
ddpg,2000000.0,3270205.7002250003,17.80987409371395,6.395080826609762e-05,1424.2981599027935,-693003.3999999999
td3,2000000.0,3790845.20055,23.75668991402349,4.803913851899881e-05,1782.11043929625,-687715.3999999994
ppo,2000000.0,3411031.193300001,19.47725381039691,6.025668818709756e-05,1572.8547066431554,-552852.5999999996
sac,2000000.0,3102592.8931000005,15.761709766715605,6.324252026098404e-05,955.4298255396566,-1242038.4872749993
mvo,2003917.6920480737,4544976.374959797,31.386451556296446,7.028180725793189e-05,2167.5967210580675,-1318667.9812685498
